count,city,propertyType
5947,Rijeka,apartment
4153,Pula,apartment
3063,Poreč,house
2861,Poreč,apartment
2656,Opatija,apartment
2232,Crikvenica,apartment
1860,Medulin,apartment
1685,Zadar,apartment
1682,Umag,apartment
1621,Labin,house
1546,Vodice,apartment
1489,Crikvenica,house
1458,Medulin,house
1425,Rovinj,apartment
1160,Malinska-Dubašnica,house
1133,Svetvinčenat,house
1063,Marčana,house
1043,Krk,house
955,Pula,house
945,Vodice,house
900,Split,apartment
883,Dobrinj,house
853,Vir,house
846,Donji Grad,apartment
843,Krk,apartment
817,Novigrad,apartment
815,Novi Vinodolski,apartment
808,Umag,house
798,Malinska-Dubašnica,apartment
785,Kastav,apartment
781,Rovinj,house
775,Vodnjan,house
743,Ližnjan,house
742,Privlaka,apartment
732,Vinodolska Općina,house
726,Opatija - Okolica,house
724,Novi Zagreb - Zapad,apartment
715,Okrug,apartment
713,Makarska,apartment
710,Rijeka,house
699,Maksimir,apartment
690,Trogir,apartment
680,Novi Vinodolski,house
676,Viškovo,apartment
625,Trešnjevka - Sjever,apartment
597,Novalja,apartment
585,Matulji,house
578,Opatija - Okolica,apartment
573,Šibenik - Okolica,apartment
557,Matulji,apartment
556,Črnomerec,apartment
515,Primošten,apartment
514,Gornji Grad - Medveščak,apartment
478,Barban,house
472,Sukošan,apartment
458,Tar-Vabriga,apartment
454,Kaštela,apartment
448,Buje,house
447,Omišalj,apartment
439,Povljana,apartment
439,Rogoznica,house
438,Dobrinj,apartment
435,Fažana,apartment
431,Vir,apartment
414,Vrbnik,house
413,Šibenik - Okolica,house
411,Lovran,apartment
407,Pag,apartment
396,Seget,apartment
395,Opatija,house
393,Fažana,house
386,Privlaka,house
385,Kostrena,house
384,Novigrad,house
382,Trogir,house
382,Zadar - Okolica,apartment
370,Kanfanar,house
364,Nin,house
359,Šibenik,apartment
355,Stenjevec,apartment
332,Zadar,house
322,Tinjan,house
313,Vodnjan,apartment
312,Kolan,apartment
297,Kostrena,apartment
297,Ližnjan,apartment
296,Žminj,house
292,Kaštelir-Labinci,house
289,Labin,apartment
285,Sveti Filip I Jakov,apartment
277,Osijek,apartment
273,Kaštela,house
273,Novalja,house
269,Podsused - Vrapče,apartment
266,Varaždin,apartment
266,Viškovo,house
264,Višnjan,house
261,Omišalj,house
259,Supetar,house
258,Kastav,house
257,Mošćenička Draga,house
257,Vrbovsko,house
255,Mali Lošinj,house
253,Maksimir,house
253,Nin,apartment
250,Buzet,house
249,Brtonigla,house
247,Lovran,house
242,Sveti Lovreč,house
236,Podsljeme,house
233,Pag,house
232,Tribunj,apartment
231,Rogoznica,apartment
229,Sesvete,apartment
225,Kraljevica,house
224,Omiš,house
224,Podsljeme,apartment
218,Šibenik,house
216,Motovun,house
215,Fužine,house
212,Bakar,house
212,Gornja Dubrava,apartment
210,Rab,house
209,Trešnjevka - Jug,apartment
205,Pakoštane,apartment
199,Rab,apartment
190,Vrsi,house
188,Novi Zagreb - Istok,apartment
187,Gornji Grad - Medveščak,house
184,Primošten,house
182,Senj,house
181,Podstrana,apartment
181,Podstrana,house
176,Ravna Gora,house
175,Sveta Nedelja,house
173,Sukošan,house
171,Okrug,house
171,Črnomerec,house
168,Baška,house
168,Sesvete,house
158,Makarska,house
155,Donja Dubrava,apartment
155,Kršan,house
155,Velika Gorica,apartment
151,Oprtalj,house
151,Trnje,apartment
148,Sveti Filip I Jakov,house
147,Mrkopalj,house
146,Marina,house
145,Žminj,apartment
144,Tisno,house
143,Bale,house
138,Tisno,apartment
137,Podsused - Vrapče,house
136,Vižinada,house
134,Čavle,house
133,Grožnjan,house
131,Peščenica - Žitnjak,apartment
131,Vrsar,house
128,Zadar - Okolica,house
127,Gornja Dubrava,house
124,Kraljevica,apartment
124,Preko,house
124,Tribunj,house
124,Varaždin,house
123,Delnice,house
123,Split,house
121,Senj,apartment
120,Buje,apartment
120,Korčula,house
118,Ogulin,house
115,Pazin - Okolica,house
113,Murter,house
113,Obrovac,house
113,Slavonski Brod,apartment
111,Ražanac,house
111,Vinodolska Općina,apartment
110,Raša,house
107,Cerovlje,house
106,Pićan,house
106,Posedarje,house
105,Cres,apartment
103,Samobor,apartment
102,Vrbnik,apartment
102,Šolta,house
100,Bakar,apartment
99,Pašman,house
98,Karlobag,house
97,Bibinje,apartment
97,Murter,apartment
96,Dubrovnik,apartment
96,Dugi Rat,apartment
96,Čabar,house
96,Čakovec,apartment
95,Velika Gorica - Okolica,house
94,Baška,apartment
94,Pazin,house
94,Pirovac,house
93,Posedarje,apartment
93,Samobor - Okolica,house
92,Jasenice,house
91,Barban,apartment
90,Zaprešić,apartment
89,Lupoglav,house
89,Split - Okolica,house
88,Seget,house
87,Dubrovnik - Okolica,house
86,Cres,house
85,Osijek,house
85,Plitvička Jezera,house
84,Jelsa,house
83,Poličnik,house
80,Marina,apartment
80,Starigrad,house
79,Punat,house
78,Punat,apartment
77,Gračišće,house
77,Milna,house
77,Otočac,house
76,Kanfanar,apartment
75,Trogir - Okolica,house
74,Biograd Na Moru,apartment
73,Hvar,house
72,Kolan,house
72,Novi Zagreb - Zapad,house
72,Peščenica - Žitnjak,house
72,Ražanac,apartment
71,Bibinje,house
71,Vis,house
70,Plaški,house
70,Sveti Ivan Zelina,house
69,Biograd Na Moru,house
68,Solin,apartment
67,Brod Moravice,house
66,Dubrovnik,house
66,Jelenje,house
66,Jelsa,apartment
65,Jasenice,apartment
65,Mali Lošinj,apartment
65,Sveta Nedelja,apartment
64,Zagreb - Okolica,house
63,Brtonigla,apartment
63,Omiš,apartment
63,Orebić,house
61,Pakoštane,house
61,Samobor,house
61,Stari Grad,house
61,Sveti Petar U Šumi,house
61,Velika Gorica,house
57,Marčana,apartment
57,Tar-Vabriga,house
56,Donja Dubrava,house
56,Mošćenička Draga,apartment
55,Hvar,apartment
55,Karlovac,apartment
55,Karlovac - Okolica,house
55,Korčula,apartment
55,Krapinske Toplice,house
55,Slavonski Brod,house
55,Split - Okolica,apartment
53,Funtana,house
52,Čavle,apartment
51,Benkovac,house
49,Karlovac,house
49,Starigrad,apartment
49,Ston,house
48,Funtana,apartment
48,Vinkovci,house
47,Bol,house
47,Karojba,house
46,Sutivan,house
46,Trešnjevka - Sjever,house
46,Vrsi,apartment
46,Zemunik Donji,house
45,Dugo Selo,apartment
45,Erdut,house
45,Imotski,house
45,Klana,house
45,Lokve,house
45,Stenjevec,house
44,Dugo Selo,house
43,Bednja,house
43,Povljana,house
42,Varaždinske Toplice,house
41,Osijek - Okolica,house
41,Supetar,apartment
40,Josipdol,house
39,Baška Voda,house
38,Ivanec,house
38,Petrinja,house
38,Polača,house
38,Selca,house
38,Trnje,house
37,Drniš,house
36,Bjelovar,house
36,Gornji Kneginec,house
36,Đakovo,house
35,Dugi Rat,house
35,Gvozd,house
35,Vela Luka,house
34,Jastrebarsko - Okolica,house
34,Klis,house
34,Kloštar Ivanić,house
34,Koprivnica,apartment
34,Preko,apartment
34,Tuhelj,house
34,Vojnić,house
33,Brdovec,house
33,Gospić - Okolica,house
33,Kali,house
33,Sali,house
33,Sinj,apartment
33,Vrbovec,house
33,Vrsar,apartment
32,Gračac,house
32,Ozalj,house
32,Slunj,house
32,Tkon,house
30,Beli Manastir,house
30,Fužine,apartment
30,Ludbreg,apartment
30,Pregrada,house
29,Donji Grad,house
29,Konavle,apartment
29,Raša,apartment
29,Skrad,house
28,Brckovljani,house
28,Kneževi Vinogradi,house
28,Konavle,house
28,Oroslavje,house
28,Osijek - Okolica,apartment
28,Velika Gorica - Okolica,apartment
27,Bistra,house
27,Lanišće,house
27,Novi Marof,house
26,Krapinske Toplice,apartment
26,Nerežišća,house
26,Samobor - Okolica,apartment
26,Solin,house
26,Sveti Križ Začretje,house
26,Tučepi,apartment
26,Đakovo,apartment
26,Šolta,apartment
25,Brinje,house
25,Buzet,apartment
25,Koprivnica,house
25,Kutina,house
25,Ploče,apartment
25,Podgora,apartment
25,Požega,house
25,Rakovica,house
25,Solin - Okolica,apartment
25,Vukovar,house
24,Novi Marof,apartment
24,Rugvica,house
23,Baška Voda,apartment
23,Bosiljevo,house
23,Donja Stubica,house
23,Krnjak,house
23,Požega,apartment
23,Stupnik,house
22,Blato,house
22,Janjina,house
22,Jelenje,apartment
22,Ludbreg,house
22,Skradin,house
22,Sveti Ivan Zelina,apartment
22,Trogir - Okolica,apartment
22,Čakovec,house
21,Bilje,house
21,Desinić,house
21,Donja Voća,house
21,Dubrovnik - Okolica,apartment
21,Krapina - Okolica,house
21,Križ,house
21,Podgora,house
21,Pokupsko,house
21,Zabok,house
20,Bol,apartment
20,Donji Andrijevci,apartment
20,Duga Resa,house
20,Saborsko,house
20,Sinj,house
20,Solin - Okolica,house
20,Vrbovsko,apartment
20,Vrhovine,house
19,Bjelovar - Okolica,house
19,Klanjec,house
19,Kukljica,house
19,Lekenik,house
19,Petrijevci,house
19,Pirovac,apartment
19,Pušća,house
19,Sisak,apartment
19,Sisak,house
19,Stubičke Toplice,house
18,Bedekovčina,house
18,Dubrovačko Primorje,house
18,Dugo Selo - Okolica,house
18,Glina,house
18,Gradac,apartment
18,Orahovica,house
18,Pučišća,house
18,Stupnik,apartment
18,Varaždin - Okolica,house
18,Zaprešić - Okolica,house
18,Zlatar,house
17,Draž,house
17,Križevci,house
17,Kršan,apartment
17,Sutivan,apartment
17,Sveti Martin Na Muri,house
17,Trešnjevka - Jug,house
17,Udbina,house
17,Varaždin - Okolica,apartment
17,Virovitica,house
17,Zaprešić,house
16,Bjelovar,apartment
16,Darda,house
16,Obrovac,apartment
16,Sisak - Okolica,house
15,Barilovići,house
15,Garešnica,house
15,Gradac,house
15,Ivanić-Grad - Okolica,house
15,Knin,house
15,Lepoglava,house
15,Lovinac,house
15,Nedelišće,house
15,Orebić,apartment
15,Popovača,house
15,Sračinec,house
15,Tounj,house
15,Čazma,house
14,Generalski Stol,house
14,Jalžabet,house
14,Netretić,house
14,Pisarovina,house
14,Sračinec,apartment
14,Sućuraj,house
13,Brela,house
13,Daruvar,house
13,Dubrava,house
13,Gospić,house
13,Jastrebarsko,house
13,Novi Zagreb - Istok,house
13,Postira,house
13,Slivno,house
13,Ston,apartment
13,Veliko Trgovišće,house
13,Vinica,house
13,Čepin,house
13,Đurđevac,house
12,Belišće,house
12,Cestica,house
12,Donji Lapac,house
12,Kravarsko,house
12,Lovreć,house
12,Marija Bistrica,house
12,Suhopolje,house
12,Trnovec Bartolovečki,house
12,Vinkovci,apartment
12,Župa Dubrovačka,apartment
11,Cetingrad,house
11,Drniš,apartment
11,Hum Na Sutli,house
11,Kapela,house
11,Klis,apartment
11,Konjščina,house
11,Koprivnica - Okolica,house
11,Kraljevec Na Sutli,house
11,Lumbarda,house
11,Mursko Središće,house
11,Pašman,apartment
11,Postira,apartment
11,Stari Grad,apartment
11,Sunja,house
11,Varaždinske Toplice,apartment
11,Zlatar-Bistrica,house
11,Štrigova,house
10,Dugopolje,apartment
10,Gornja Stubica,house
10,Ivanić-Grad,apartment
10,Ivanić-Grad,house
10,Karlobag,apartment
10,Lipik,house
10,Marija Gorica,house
10,Mljet,house
10,Našice,house
10,Otok,house
10,Prelog,house
10,Sućuraj,apartment
10,Topusko,house
10,Zagreb - Okolica,apartment
10,Čabar,apartment
10,Čakovec - Okolica,house
9,Benkovac,apartment
9,Bizovac,house
9,Dubravica,house
9,Jakovlje,apartment
9,Komiža,house
9,Krapina,house
9,Križevci,apartment
9,Lastovo,house
9,Milna,apartment
9,Pakrac,house
9,Petrijanec,house
9,Podturen,house
9,Radoboj,house
9,Rasinja,house
9,Valpovo,house
9,Đurmanec,house
9,Škabrnje,house
9,Župa Dubrovačka,house
8,Delnice,apartment
8,Dicmo,house
8,Draganić,house
8,Jakovlje,house
8,Klinča Sela,house
8,Kumrovec,house
8,Nuštar,house
8,Prelog,apartment
8,Smokvica,house
8,Tučepi,house
8,Velika Ludina,house
8,Višnjan,apartment
8,Čakovec - Okolica,apartment
7,Brdovec,apartment
7,Donja Stubica,apartment
7,Drenje,house
7,Dugopolje,house
7,Gornji Mihaljevec,house
7,Grubišno Polje,house
7,Lasinja,house
7,Ljubešćica,house
7,Mihovljan,house
7,Nova Gradiška,house
7,Novska,house
7,Popovac,house
7,Selnica,house
7,Sveti Ilija,house
7,Sveti Martin Na Muri,apartment
7,Svetvinčenat,apartment
7,Vela Luka,apartment
7,Velika,house
7,Virovitica,apartment
7,Čeminac,house
7,Đurđevac,apartment
7,Žakanje,house
6,Bale,apartment
6,Donji Kraljevec,house
6,Gradec,house
6,Hrašćina,house
6,Križ,apartment
6,Kutjevo,house
6,Lumbarda,apartment
6,Maruševec,house
6,Ogulin,apartment
6,Okučani,house
6,Orle,house
6,Ploče,house
6,Podgorač,house
6,Poličnik,apartment
6,Ribnik,house
6,Sveti Đurđ,house
6,Trpanj,house
6,Virje,house
6,Vis,apartment
6,Vukovar,apartment
6,Zagvozd,house
6,Đelekovec,house
6,Đurđenovac,house
6,Šodolovci,house
6,Žumberak,house
5,Beretinec,house
5,Brestovac,house
5,Brezovica,house
5,Cista Provo,house
5,Dugo Selo - Okolica,apartment
5,Gornji Kneginec,apartment
5,Hrvatska Kostajnica,house
5,Kloštar Podravski,house
5,Krašić,house
5,Kutina,apartment
5,Novigrad Podravski,house
5,Perušić,house
5,Petrovsko,house
5,Pitomača,house
5,Promina,house
5,Rovišće,house
5,Rugvica,apartment
5,Skradin,apartment
5,Slatina,house
5,Tordinci,house
5,Veliki Grđevac,house
5,Vrbovec,apartment
5,Vrlika,house
5,Zagorska Sela,house
5,Zdenci,house
5,Županja,apartment
4,Andrijaševci,house
4,Berek,house
4,Breznica,house
4,Brod Moravice,apartment
4,Darda,apartment
4,Donji Miholjac,house
4,Drenovci,house
4,Farkaševac,house
4,Garčin,house
4,Gradina,house
4,Ilok,house
4,Ivanec,apartment
4,Ivankovo,house
4,Jagodnjak,house
4,Klinča Sela,apartment
4,Krapina,apartment
4,Legrad,house
4,Levanjska Varoš,house
4,Magadenovac,house
4,Mala Subotica,house
4,Molve,house
4,Našice,apartment
4,Negoslavci,house
4,Nova Kapela,house
4,Oprtalj,apartment
4,Oriovac,house
4,Oroslavje,apartment
4,Pazin,apartment
4,Petlovac,house
4,Pleternica,house
4,Požega - Okolica,house
4,Prgomet,house
4,Pribislavec,house
4,Pučišća,apartment
4,Semeljci,house
4,Sibinj,house
4,Slivno,apartment
4,Stankovci,house
4,Sveti Juraj Na Bregu,house
4,Trilj,house
4,Trpinja,house
4,Valpovo,apartment
4,Velika Pisanica,house
4,Visoko,house
4,Vrhovine,apartment
4,Zabok,apartment
4,Čepin,apartment
4,Šandrovac,house
4,Štefanje,house
3,Babina Greda,house
3,Beli Manastir,apartment
3,Biskupija,house
3,Budinščina,house
3,Daruvar,apartment
3,Donji Kukuruzari,house
3,Drnje,house
3,Galovac,house
3,Gorjani,house
3,Gospić,apartment
3,Jasenovac,house
3,Kalnik,house
3,Knin,apartment
3,Koprivnica - Okolica,apartment
3,Kotoriba,house
3,Koška,house
3,Kukljica,apartment
3,Lanišće,apartment
3,Lastovo,apartment
3,Lipovljani,house
3,Lukač,house
3,Majur,house
3,Martinska Ves,house
3,Mače,house
3,Nova Gradiška,apartment
3,Nova Rača,house
3,Otočac,apartment
3,Pakrac,apartment
3,Plitvička Jezera,apartment
3,Preseka,house
3,Pribislavec,apartment
3,Ravna Gora,apartment
3,Rešetari,house
3,Severin,house
3,Stari Jankovci,house
3,Sveta Marija,house
3,Tkon,apartment
3,Veliko Trojstvo,house
3,Vidovec,house
3,Vratišinec,house
3,Čaglin,house
3,Šenkovec,house
3,Županja,house
2,Bedenica,house
2,Belica,house
2,Belišće,apartment
2,Bistra,apartment
2,Bogdanovci,house
2,Bošnjaci,house
2,Brckovljani,apartment
2,Brela,apartment
2,Civljane,house
2,Donji Lapac,apartment
2,Dragalić,house
2,Dubrava,apartment
2,Dubrovačko Primorje,apartment
2,Duga Resa,apartment
2,Ernestinovo,house
2,Ferdinandovac,house
2,Feričanci,house
2,Gornja Vrba,house
2,Gornji Bogićevci,house
2,Gradište,house
2,Hercegovac,house
2,Hrvatska Dubica,house
2,Ivanska,house
2,Jarmina,house
2,Jastrebarsko,apartment
2,Jesenje,house
2,Kistanje,house
2,Klenovnik,house
2,Kloštar Ivanić,apartment
2,Koprivnički Bregi,house
2,Lobor,house
2,Martijanec,house
2,Metković,house
2,Motovun,apartment
2,Nijemci,house
2,Pisarovina,apartment
2,Pleternica,apartment
2,Podbablje,apartment
2,Pregrada,apartment
2,Punitovci,house
2,Rakovec,house
2,Rešetari,apartment
2,Runovići,house
2,Sali,apartment
2,Satnica Đakovačka,house
2,Sirač,house
2,Sokolovac,house
2,Stari Mikanovci,house
2,Strahoninec,house
2,Sveti Ivan Žabno,house
2,Sveti Križ Začretje,apartment
2,Sveti Petar Orehovec,house
2,Topusko,apartment
2,Tuhelj,apartment
2,Velika Kopanica,house
2,Velika Trnovitica,house
2,Virovitica - Okolica,house
2,Vrbanja,house
2,Čazma,apartment
2,Štrigova,apartment
1,Bebrina,house
1,Blato,apartment
1,Borovo,house
1,Bosiljevo,apartment
1,Breznički Hum,house
1,Bukovlje,house
1,Cernik,house
1,Crnac,house
1,Dežanovac,house
1,Donja Motičina,house
1,Donji Andrijevci,house
1,Dvor,house
1,Gola,house
1,Gornja Rijeka,house
1,Gunja,house
1,Hlebine,house
1,Imotski,apartment
1,Ivanić-Grad - Okolica,apartment
1,Janjina,apartment
1,Jastrebarsko - Okolica,apartment
1,Jesenje,apartment
1,Kali,apartment
1,Kalinovac,house
1,Kaptol,house
1,Klakar,house
1,Klana,apartment
1,Konjščina,apartment
1,Koprivnički Ivanec,house
1,Krapina - Okolica,apartment
1,Kutjevo,apartment
1,Lećevica,house
1,Lokvičići,house
1,Lovas,house
1,Luka,house
1,Mali Bukovec,house
1,Marijanci,house
1,Markušica,house
1,Mikleuš,house
1,Mursko Središće,apartment
1,Muć,house
1,Nova Bukovica,house
1,Novo Virje,house
1,Novska,apartment
1,Okučani,apartment
1,Opuzen,house
1,Orahovica,apartment
1,Orehovica,apartment
1,Orehovica,house
1,Oriovac,apartment
1,Pazin - Okolica,apartment
1,Peteranec,house
1,Pitomača,apartment
1,Plaški,apartment
1,Podbablje,house
1,Podravska Moslavina,house
1,Podravske Sesvete,house
1,Pokupsko,apartment
1,Preseka,apartment
1,Proložac,house
1,Promina,apartment
1,Selca,apartment
1,Selnica,apartment
1,Sibinj,apartment
1,Sikirevci,house
1,Sisak - Okolica,apartment
1,Slavonski Šamac,house
1,Slunj,apartment
1,Sopje,house
1,Stara Gradiška,house
1,Staro Petrovo Selo,house
1,Strizivojna,house
1,Sveti Ilija,apartment
1,Tompojevci,house
1,Tordinci,apartment
1,Tovarnik,house
1,Trnava,house
1,Trnovec Bartolovečki,apartment
1,Unešić,house
1,Veliki Bukovec,house
1,Veliko Trgovišće,apartment
1,Viljevo,house
1,Viškovci,house
1,Vladislavci,apartment
1,Vrbanja,apartment
1,Vrpolje,house
1,Vuka,house
1,Zažablje,house
1,Zlatar,apartment
1,Zmijavci,house
1,Čačinci,house
1,Đurđenovac,apartment
1,Šenkovec,apartment
1,Šestanovac,house
1,Špišić Bukovica,house
